,A,Average Aggregation Delay (ms),IoT Device Battery (V),Data per Packet,B,Goodput (B/s),G/T (%),Packet Loss (%),Received Packets,Sent Packets,Gateway Received Packets (pps),Router Received Packet (pps),Sampling Interval (s),C,Throughput (B/s),Topology,AB,AC,BC,ABC
0,-1,162.71909745762713,2.647006779661017,10,-1,1888.0,76.19047619047619,0.100671140939597,236,2384,23.6,238.4,10,-1,2478.0,wwwwwwwwwwc,1,1,1,-1
1,-1,166.10058898305084,2.647211864406779,10,-1,1888.0,76.19047619047619,0.100671140939597,236,2384,23.6,238.4,10,-1,2478.0,wwwwwwwwwwc,1,1,1,-1
2,-1,166.82846610169491,2.646606779661016,10,-1,1888.0,76.19047619047619,0.100671140939597,236,2384,23.6,238.4,10,-1,2478.0,wwwwwwwwwwc,1,1,1,-1
3,-1,166.50716949152542,2.646601694915253,10,-1,1888.0,76.19047619047619,0.100671140939597,236,2384,23.6,238.4,10,-1,2478.0,wwwwwwwwwwc,1,1,1,-1
4,-1,166.80058050847458,2.6466033898305072,10,-1,1888.0,76.19047619047619,0.100671140939597,236,2384,23.6,238.4,10,-1,2478.0,wwwwwwwwwwc,1,1,1,-1
5,-1,159.47088559322034,2.646606779661016,10,-1,1888.0,76.19047619047619,0.100671140939597,236,2384,23.6,238.4,10,-1,2478.0,wwwwwwwwwwc,1,1,1,-1
6,-1,170.66121186440677,2.646201694915254,10,-1,1888.0,76.19047619047619,0.100671140939597,236,2384,23.6,238.4,10,-1,2478.0,wwwwwwwwwwc,1,1,1,-1
7,-1,166.53062711864408,2.646806779661016,10,-1,1888.0,76.19047619047619,0.100671140939597,236,2384,23.6,238.4,10,-1,2478.0,wwwwwwwwwwc,1,1,1,-1
8,-1,166.96263983050846,2.646401694915253,10,-1,1888.0,76.19047619047619,0.100671140939597,236,2384,23.6,238.4,10,-1,2478.0,wwwwwwwwwwc,1,1,1,-1
9,-1,169.66975847457627,2.647611864406778,10,-1,1888.0,76.19047619047619,0.100671140939597,236,2384,23.6,238.4,10,-1,2478.0,wwwwwwwwwwc,1,1,1,-1
10,-1,169.41426694915253,2.647006779661016,10,-1,1888.0,76.19047619047619,0.100671140939597,236,2384,23.6,238.4,10,-1,2478.0,wwwwwwwwwwc,1,1,1,-1
11,-1,165.20691101694916,2.646806779661016,10,-1,1888.0,76.19047619047619,0.100671140939597,236,2384,23.6,238.4,10,-1,2478.0,wwwwwwwwwwc,1,1,1,-1
12,-1,170.68707203389832,2.646806779661016,10,-1,1888.0,76.19047619047619,0.100671140939597,236,2384,23.6,238.4,10,-1,2478.0,wwwwwwwwwwc,1,1,1,-1
13,-1,168.78525,2.646806779661016,10,-1,1888.0,76.19047619047619,0.100671140939597,236,2384,23.6,238.4,10,-1,2478.0,wwwwwwwwwwc,1,1,1,-1
14,-1,168.91748305084747,2.646601694915253,10,-1,1888.0,76.19047619047619,0.100671140939597,236,2384,23.6,238.4,10,-1,2478.0,wwwwwwwwwwc,1,1,1,-1
15,-1,169.71390677966102,2.6464016949152542,10,-1,1888.0,76.19047619047619,0.100671140939597,236,2384,23.6,238.4,10,-1,2478.0,wwwwwwwwwwc,1,1,1,-1
16,-1,170.12120762711865,2.6466033898305072,10,-1,1888.0,76.19047619047619,0.100671140939597,236,2384,23.6,238.4,10,-1,2478.0,wwwwwwwwwwc,1,1,1,-1
17,-1,167.03787711864408,2.647411864406779,10,-1,1888.0,76.19047619047619,0.100671140939597,236,2384,23.6,238.4,10,-1,2478.0,wwwwwwwwwwc,1,1,1,-1
18,-1,169.57068220338982,2.647011864406779,10,-1,1888.0,76.19047619047619,0.100671140939597,236,2384,23.6,238.4,10,-1,2478.0,wwwwwwwwwwc,1,1,1,-1
19,-1,169.46942372881355,2.646601694915253,10,-1,1888.0,76.19047619047619,0.100671140939597,236,2384,23.6,238.4,10,-1,2478.0,wwwwwwwwwwc,1,1,1,-1
20,-1,88.16789460784314,2.625919607843135,10,-1,1884.8,64.88570641696502,-4.634146341463414,408,2788,40.8,278.8,10,1,2904.8,wwwwwwwwwwc,1,-1,-1,1
21,-1,87.74989695550352,2.529557009345792,10,-1,1894.4,63.958945271616194,-5.315638450502152,427,2788,42.7,278.8,10,1,2961.9,wwwwwwwwwwc,1,-1,-1,1
22,-1,91.03508313539193,2.526378301886791,10,-1,1897.6,64.32324327988881,-5.100430416068867,421,2788,42.1,278.8,10,1,2950.1,wwwwwwwwwwc,1,-1,-1,1
23,-1,88.15471498771498,2.624980392156862,10,-1,1900.8,65.13381078024878,-4.598278335724533,407,2788,40.7,278.8,10,1,2918.3,wwwwwwwwwwc,1,-1,-1,1
24,-1,91.86126699029126,2.627007766990289,10,-1,1904.0,64.89434219495568,-4.777618364418938,412,2788,41.2,278.8,10,1,2934.0,wwwwwwwwwwc,1,-1,-1,1
25,-1,88.78279950495049,2.652038613861384,10,-1,1891.2,65.18681924720805,-4.4906743185078914,404,2788,40.4,278.8,10,1,2901.2,wwwwwwwwwwc,1,-1,-1,1
26,-1,89.14805569007264,2.600311650485435,10,-1,1894.4,64.72376917557825,-4.813486370157819,413,2788,41.3,278.8,10,1,2926.9,wwwwwwwwwwc,1,-1,-1,1
27,-1,85.97522325581396,2.579562962962962,10,-1,1900.8,63.875260434168965,-5.423242467718794,430,2788,43.0,278.8,10,1,2975.8,wwwwwwwwwwc,1,-1,-1,1
28,-1,85.70827184466019,2.654385436893202,10,-1,1891.2,64.74051759550869,-4.777618364418938,412,2788,41.2,278.8,10,1,2921.2,wwwwwwwwwwc,1,-1,-1,1
29,-1,88.38460922330097,2.626284466019415,10,-1,1897.6,64.8175980325181,-4.777618364418938,412,2788,41.2,278.8,10,1,2927.6,wwwwwwwwwwc,1,-1,-1,1
30,-1,91.60501711491443,2.574334951456308,10,-1,1891.2,64.90716271407489,-4.6700143472022955,409,2788,40.9,278.8,10,1,2913.7,wwwwwwwwwwc,1,-1,-1,1
31,-1,87.74895432692308,2.577166666666666,10,-1,1900.8,64.6354733405876,-4.921090387374462,416,2788,41.6,278.8,10,1,2940.8,wwwwwwwwwwc,1,-1,-1,1
32,-1,87.49629439252337,2.527959433962263,10,-1,1888.0,63.826910074374574,-5.351506456241033,428,2788,42.8,278.8,10,1,2958.0,wwwwwwwwwwc,1,-1,-1,1
33,-1,88.05707766990291,2.652525242718445,10,-1,1904.0,64.89434219495568,-4.777618364418938,412,2788,41.2,278.8,10,1,2934.0,wwwwwwwwwwc,1,-1,-1,1
34,-1,92.54634541062802,2.575073076923075,10,-1,1894.4,64.66853280535263,-4.8493543758967,414,2788,41.4,278.8,10,1,2929.4,wwwwwwwwwwc,1,-1,-1,1
35,-1,94.83017548076923,2.57461346153846,10,-1,1907.2,64.71226927252985,-4.921090387374462,416,2788,41.6,278.8,10,1,2947.2,wwwwwwwwwwc,1,-1,-1,1
36,-1,90.06200961538461,2.602443269230768,10,-1,1900.8,64.6354733405876,-4.921090387374462,416,2788,41.6,278.8,10,1,2940.8,wwwwwwwwwwc,1,-1,-1,1
37,-1,90.45021103117506,2.6278230769230753,10,-1,1894.4,64.50338792604447,-4.956958393113343,417,2788,41.7,278.8,10,1,2936.9,wwwwwwwwwwc,1,-1,-1,1
38,-1,88.45179326923076,2.600916346153845,10,-1,1900.8,64.6354733405876,-4.921090387374462,416,2788,41.6,278.8,10,1,2940.8,wwwwwwwwwwc,1,-1,-1,1
39,-1,93.0512024691358,2.652037623762374,10,-1,1904.0,65.28373049888565,-4.526542324246771,405,2788,40.5,278.8,10,1,2916.5,wwwwwwwwwwc,1,-1,-1,1
40,1,909.5211363636364,2.640681818181818,50,-1,1760.0,94.11764705882352,0.15436241610738202,44,2384,4.4,238.4,10,-1,1870.0,wwwwwwwwwwc,-1,-1,1,1
41,1,896.2159318181818,2.639609090909091,50,-1,1760.0,94.11764705882352,0.15436241610738202,44,2384,4.4,238.4,10,-1,1870.0,wwwwwwwwwwc,-1,-1,1,1
42,1,904.48675,2.639609090909091,50,-1,1760.0,94.11764705882352,0.15436241610738202,44,2384,4.4,238.4,10,-1,1870.0,wwwwwwwwwwc,-1,-1,1,1
43,1,913.32325,2.640681818181818,50,-1,1760.0,94.11764705882352,0.15436241610738202,44,2384,4.4,238.4,10,-1,1870.0,wwwwwwwwwwc,-1,-1,1,1
44,1,889.4037954545455,2.639609090909091,50,-1,1760.0,94.11764705882352,0.15436241610738202,44,2384,4.4,238.4,10,-1,1870.0,wwwwwwwwwwc,-1,-1,1,1
45,1,892.9493181818182,2.639609090909091,50,-1,1760.0,94.11764705882352,0.15436241610738202,44,2384,4.4,238.4,10,-1,1870.0,wwwwwwwwwwc,-1,-1,1,1
46,1,880.318,2.640681818181818,50,-1,1760.0,94.11764705882352,0.15436241610738202,44,2384,4.4,238.4,10,-1,1870.0,wwwwwwwwwwc,-1,-1,1,1
47,1,900.8057045454545,2.639609090909091,50,-1,1760.0,94.11764705882352,0.15436241610738202,44,2384,4.4,238.4,10,-1,1870.0,wwwwwwwwwwc,-1,-1,1,1
48,1,901.5342727272728,2.639609090909091,50,-1,1760.0,94.11764705882352,0.15436241610738202,44,2384,4.4,238.4,10,-1,1870.0,wwwwwwwwwwc,-1,-1,1,1
49,1,901.7264772727273,2.640681818181818,50,-1,1760.0,94.11764705882352,0.15436241610738202,44,2384,4.4,238.4,10,-1,1870.0,wwwwwwwwwwc,-1,-1,1,1
50,1,921.3288409090909,2.639609090909091,50,-1,1760.0,94.11764705882352,0.15436241610738202,44,2384,4.4,238.4,10,-1,1870.0,wwwwwwwwwwc,-1,-1,1,1
51,1,905.7968181818181,2.640681818181818,50,-1,1760.0,94.11764705882352,0.15436241610738202,44,2384,4.4,238.4,10,-1,1870.0,wwwwwwwwwwc,-1,-1,1,1
52,1,888.9345454545454,2.639609090909091,50,-1,1760.0,94.11764705882352,0.15436241610738202,44,2384,4.4,238.4,10,-1,1870.0,wwwwwwwwwwc,-1,-1,1,1
53,1,909.1547954545455,2.639609090909091,50,-1,1760.0,94.11764705882352,0.15436241610738202,44,2384,4.4,238.4,10,-1,1870.0,wwwwwwwwwwc,-1,-1,1,1
54,1,921.8668409090909,2.639609090909091,50,-1,1760.0,94.11764705882352,0.15436241610738202,44,2384,4.4,238.4,10,-1,1870.0,wwwwwwwwwwc,-1,-1,1,1
55,1,918.0675681818182,2.639609090909091,50,-1,1760.0,94.11764705882352,0.15436241610738202,44,2384,4.4,238.4,10,-1,1870.0,wwwwwwwwwwc,-1,-1,1,1
56,1,904.6193181818181,2.639609090909091,50,-1,1760.0,94.11764705882352,0.15436241610738202,44,2384,4.4,238.4,10,-1,1870.0,wwwwwwwwwwc,-1,-1,1,1
57,1,914.1778636363637,2.640681818181818,50,-1,1760.0,94.11764705882352,0.15436241610738202,44,2384,4.4,238.4,10,-1,1870.0,wwwwwwwwwwc,-1,-1,1,1
58,1,903.9743863636363,2.639609090909091,50,-1,1760.0,94.11764705882352,0.15436241610738202,44,2384,4.4,238.4,10,-1,1870.0,wwwwwwwwwwc,-1,-1,1,1
59,1,905.7479545454545,2.639609090909091,50,-1,1760.0,94.11764705882352,0.15436241610738202,44,2384,4.4,238.4,10,-1,1870.0,wwwwwwwwwwc,-1,-1,1,1
60,1,88.70943316831683,2.651800990099009,50,-1,1894.4,65.22517559564798,-12.49067431850789,404,2788,40.4,278.8,10,1,2904.4,wwwwwwwwwwc,-1,1,-1,-1
61,1,88.58606435643564,2.652272277227721,50,-1,1904.0,65.33973919011667,-12.49067431850789,404,2788,40.4,278.8,10,1,2914.0,wwwwwwwwwwc,-1,1,-1,-1
62,1,88.05576732673268,2.6526306930693053,50,-1,1900.8,65.30163528926755,-12.49067431850789,404,2788,40.4,278.8,10,1,2910.8,wwwwwwwwwwc,-1,1,-1,-1
63,1,91.77547772277228,2.6517970297029683,50,-1,1859.2,64.79855011849993,-12.49067431850789,404,2788,40.4,278.8,10,1,2869.2,wwwwwwwwwwc,-1,1,-1,-1
64,1,91.12621534653465,2.651563366336633,50,-1,1904.0,65.33973919011667,-12.49067431850789,404,2788,40.4,278.8,10,1,2914.0,wwwwwwwwwwc,-1,1,-1,-1
65,1,84.76688613861386,2.652872277227721,50,-1,1894.4,65.22517559564798,-12.49067431850789,404,2788,40.4,278.8,10,1,2904.4,wwwwwwwwwwc,-1,1,-1,-1
66,1,86.87991831683168,2.652509900990097,50,-1,1897.6,65.2634475168524,-12.49067431850789,404,2788,40.4,278.8,10,1,2907.6,wwwwwwwwwwc,-1,1,-1,-1
67,1,88.18367326732674,2.653848514851483,50,-1,1878.4,65.03254396897937,-12.49067431850789,404,2788,40.4,278.8,10,1,2888.4,wwwwwwwwwwc,-1,1,-1,-1
68,1,85.42974257425743,2.652983168316829,50,-1,1875.2,64.99376126438375,-12.49067431850789,404,2788,40.4,278.8,10,1,2885.2,wwwwwwwwwwc,-1,1,-1,-1
69,1,89.71615841584159,2.650495049504949,50,-1,1884.8,65.10985214868039,-12.49067431850789,404,2788,40.4,278.8,10,1,2894.8,wwwwwwwwwwc,-1,1,-1,-1
70,1,88.2974702970297,2.625308910891087,50,-1,1897.6,65.2634475168524,-12.49067431850789,404,2788,40.4,278.8,10,1,2907.6,wwwwwwwwwwc,-1,1,-1,-1
71,1,89.48010891089109,2.652158415841583,50,-1,1881.6,65.07124083552358,-12.49067431850789,404,2788,40.4,278.8,10,1,2891.6,wwwwwwwwwwc,-1,1,-1,-1
72,1,91.99105445544555,2.62638316831683,50,-1,1897.6,65.2634475168524,-12.49067431850789,404,2788,40.4,278.8,10,1,2907.6,wwwwwwwwwwc,-1,1,-1,-1
73,1,88.8642797029703,2.653964356435642,50,-1,1900.8,65.30163528926755,-12.49067431850789,404,2788,40.4,278.8,10,1,2910.8,wwwwwwwwwwc,-1,1,-1,-1
74,1,90.21497772277228,2.652307920792078,50,-1,1904.0,65.33973919011667,-12.49067431850789,404,2788,40.4,278.8,10,1,2914.0,wwwwwwwwwwc,-1,1,-1,-1
75,1,89.86610396039605,2.624956435643563,50,-1,1897.6,65.2634475168524,-12.49067431850789,404,2788,40.4,278.8,10,1,2907.6,wwwwwwwwwwc,-1,1,-1,-1
76,1,86.96217821782179,2.652751485148512,50,-1,1874.4,64.98405214255997,-12.49067431850789,404,2788,40.4,278.8,10,1,2884.4,wwwwwwwwwwc,-1,1,-1,-1
77,1,86.20970297029703,2.652629702970295,50,-1,1875.2,64.99376126438375,-12.49067431850789,404,2788,40.4,278.8,10,1,2885.2,wwwwwwwwwwc,-1,1,-1,-1
78,1,87.58441584158416,2.6523990099009893,50,-1,1904.0,65.33973919011667,-12.49067431850789,404,2788,40.4,278.8,10,1,2914.0,wwwwwwwwwwc,-1,1,-1,-1
79,1,93.36878712871287,2.626264356435642,50,-1,1903.2,65.33022106274888,-12.495873699318263,404,2787,40.4,278.7,10,1,2913.2,wwwwwwwwwwc,-1,1,-1,-1
80,-1,69.50064166666667,2.546835675675676,10,1,6720.0,76.19047619047619,0.028490028490028,840,8424,84.0,842.4,10,-1,8820.0,wwwwwwwwwwwwwwwwwwwwwwwwwwwwwwwwwwwwwwwwwwwwwwwwwwc,-1,1,-1,1
81,-1,55.519038588754135,2.551025882352942,10,1,7256.0,76.19047619047619,0.032967032967032,907,9100,90.7,910.0,10,-1,9523.5,wwwwwwwwwwwwwwwwwwwwwwwwwwwwwwwwwwwwwwwwwwwwwwwwwwc,-1,1,-1,1
82,-1,51.26606168831169,2.549181547619049,10,1,7392.0,76.19047619047619,0.029135642602784003,924,9267,92.4,926.7,10,-1,9702.0,wwwwwwwwwwwwwwwwwwwwwwwwwwwwwwwwwwwwwwwwwwwwwwwwwwc,-1,1,-1,1
83,-1,44.786890422077924,2.539954948805461,10,1,9856.0,76.19047619047619,0.014589074404279001,1232,12338,123.2,1233.8,10,-1,12936.0,wwwwwwwwwwwwwwwwwwwwwwwwwwwwwwwwwwwwwwwwwwwwwwwwwwc,-1,1,-1,1
84,-1,54.32828924833492,2.553471555555557,10,1,8408.0,76.19047619047619,0.020888720091151003,1051,10532,105.1,1053.2,10,-1,11035.5,wwwwwwwwwwwwwwwwwwwwwwwwwwwwwwwwwwwwwwwwwwwwwwwwwwc,-1,1,-1,1
85,-1,54.00381828571429,2.545981081081083,10,1,7000.0,76.19047619047619,0.009134505594884,875,8758,87.5,875.8,10,-1,9187.5,wwwwwwwwwwwwwwwwwwwwwwwwwwwwwwwwwwwwwwwwwwwwwwwwwwc,-1,1,-1,1
86,-1,47.71155838041431,2.546560273972606,10,1,8496.0,76.19047619047619,0.020672805863559,1062,10642,106.2,1064.2,10,-1,11151.0,wwwwwwwwwwwwwwwwwwwwwwwwwwwwwwwwwwwwwwwwwwwwwwwwwwc,-1,1,-1,1
87,-1,50.41001225740552,2.548029347826087,10,1,7832.0,76.19047619047619,0.021404545917847,979,9811,97.9,981.1,10,-1,10279.5,wwwwwwwwwwwwwwwwwwwwwwwwwwwwwwwwwwwwwwwwwwwwwwwwwwc,-1,1,-1,1
88,-1,52.894419551934824,2.545616315789474,10,1,7856.0,76.19047619047619,0.020325203252032003,982,9840,98.2,984.0,10,-1,10311.0,wwwwwwwwwwwwwwwwwwwwwwwwwwwwwwwwwwwwwwwwwwwwwwwwwwc,-1,1,-1,1
89,-1,58.972216035634744,2.541767156862748,10,1,7184.0,76.19047619047619,0.015565932844118,898,8994,89.8,899.4,10,-1,9429.0,wwwwwwwwwwwwwwwwwwwwwwwwwwwwwwwwwwwwwwwwwwwwwwwwwwc,-1,1,-1,1
90,-1,51.18709726443769,2.5475758974358973,10,1,7896.0,76.19047619047619,0.020222446916076,987,9890,98.7,989.0,10,-1,10363.5,wwwwwwwwwwwwwwwwwwwwwwwwwwwwwwwwwwwwwwwwwwwwwwwwwwc,-1,1,-1,1
91,-1,58.65391137724551,2.548839072847683,10,1,6680.0,76.19047619047619,0.020317915620892,835,8367,83.5,836.7,10,-1,8767.5,wwwwwwwwwwwwwwwwwwwwwwwwwwwwwwwwwwwwwwwwwwwwwwwwwwc,-1,1,-1,1
92,-1,49.863515212981746,2.5483855614973283,10,1,7888.0,76.19047619047619,0.019232715861929,986,9879,98.6,987.9,10,-1,10353.0,wwwwwwwwwwwwwwwwwwwwwwwwwwwwwwwwwwwwwwwwwwwwwwwwwwc,-1,1,-1,1
93,-1,45.836388510223955,2.548617224880384,10,1,8216.0,76.19047619047619,0.023314552166311002,1027,10294,102.7,1029.4,10,-1,10783.5,wwwwwwwwwwwwwwwwwwwwwwwwwwwwwwwwwwwwwwwwwwwwwwwwwwc,-1,1,-1,1
94,-1,58.00010245183888,2.545812840466928,10,1,9136.0,76.19047619047619,0.020099624224416003,1142,11443,114.2,1144.3,10,-1,11991.0,wwwwwwwwwwwwwwwwwwwwwwwwwwwwwwwwwwwwwwwwwwwwwwwwwwc,-1,1,-1,1
95,-1,62.708287790697675,2.544754166666669,10,1,8256.0,76.19047619047619,0.013547513063674,1032,10334,103.2,1033.4,10,-1,10836.0,wwwwwwwwwwwwwwwwwwwwwwwwwwwwwwwwwwwwwwwwwwwwwwwwwwc,-1,1,-1,1
96,-1,52.28253490870032,2.54235892857143,10,1,7448.0,76.19047619047619,0.015015015015014002,931,9324,93.1,932.4,10,-1,9775.5,wwwwwwwwwwwwwwwwwwwwwwwwwwwwwwwwwwwwwwwwwwwwwwwwwwc,-1,1,-1,1
97,-1,60.029968289920724,2.550550909090909,10,1,7064.0,76.19047619047619,0.018087271082975,883,8846,88.3,884.6,10,-1,9271.5,wwwwwwwwwwwwwwwwwwwwwwwwwwwwwwwwwwwwwwwwwwwwwwwwwwc,-1,1,-1,1
98,-1,52.96075923970433,2.542478488372094,10,1,7576.0,76.19047619047619,0.020023184740225002,947,9489,94.7,948.9,10,-1,9943.5,wwwwwwwwwwwwwwwwwwwwwwwwwwwwwwwwwwwwwwwwwwwwwwwwwwc,-1,1,-1,1
99,-1,60.68867730900798,2.541775147928994,10,1,7016.0,76.19047619047619,0.025022747952684003,877,8792,87.7,879.2,10,-1,9208.5,wwwwwwwwwwwwwwwwwwwwwwwwwwwwwwwwwwwwwwwwwwwwwwwwwwc,-1,1,-1,1
100,-1,52.40937202664129,2.444268627450981,10,1,7219.2,73.31593325682717,-1.3059380378657481,1051,9296,105.1,929.6,10,1,9846.7,wwwwwwwwwwwwwwwwwwwwwwwwwwwwwwwwwwwwwwwwwwwwwwwwwwc,-1,-1,1,-1
101,-1,50.5384693877551,2.472193298969071,10,1,6074.4,73.36763533589391,-0.91044037605146,882,8084,88.2,808.4,10,1,8279.4,wwwwwwwwwwwwwwwwwwwwwwwwwwwwwwwwwwwwwwwwwwwwwwwwwwc,-1,-1,1,-1
102,-1,40.56042635658915,2.504728820960702,10,1,7972.0,73.30911766058209,-1.300369865680357,1161,10274,116.1,1027.4,10,1,10874.5,wwwwwwwwwwwwwwwwwwwwwwwwwwwwwwwwwwwwwwwwwwwwwwwwwwc,-1,-1,1,-1
103,-1,45.88732882011605,2.415367841409694,10,1,7063.2,73.207437656765,-0.914080641756386,1034,9474,103.4,947.4,10,1,9648.2,wwwwwwwwwwwwwwwwwwwwwwwwwwwwwwwwwwwwwwwwwwwwwwwwwwc,-1,-1,1,-1
104,-1,52.64641050375134,2.52275668789809,10,1,6536.0,73.6990471894909,-0.5578816340387001,933,8837,93.3,883.7,10,1,8868.5,wwwwwwwwwwwwwwwwwwwwwwwwwwwwwwwwwwwwwwwwwwwwwwwwwwc,-1,-1,1,-1
105,-1,50.412694417238,2.4735891402714962,10,1,7081.6,73.50556876096365,-1.131705189707805,1021,9172,102.1,917.2,10,1,9634.1,wwwwwwwwwwwwwwwwwwwwwwwwwwwwwwwwwwwwwwwwwwwwwwwwwwc,-1,-1,1,-1
106,-1,50.488974541751524,2.5170989130434798,10,1,6825.6,73.54696894597332,-1.189608021877848,982,8776,98.2,877.6,10,1,9280.6,wwwwwwwwwwwwwwwwwwwwwwwwwwwwwwwwwwwwwwwwwwwwwwwwwwc,-1,-1,1,-1
107,-1,47.80108971962617,2.461503720930235,10,1,7295.2,73.17004673928307,-1.393887764881269,1070,9391,107.0,939.1,10,1,9970.2,wwwwwwwwwwwwwwwwwwwwwwwwwwwwwwwwwwwwwwwwwwwwwwwwwwc,-1,-1,1,-1
108,-1,87.25963344594595,2.531208602150538,10,1,4169.6,73.80345511186633,-1.005763153002417,592,5379,59.2,537.9,10,1,5649.6,wwwwwwwwwwwwwwwwwwwwwwwwwwwwwwwwwwwwwwwwwwwwwwwwwwc,-1,-1,1,-1
109,-1,48.86876720075401,2.491017699115047,10,1,7293.6,73.33125546696695,-1.271645596515457,1061,9413,106.1,941.3,10,1,9946.1,wwwwwwwwwwwwwwwwwwwwwwwwwwwwwwwwwwwwwwwwwwwwwwwwwwc,-1,-1,1,-1
110,-1,55.02533919338159,2.497639204545455,10,1,6694.4,73.4687606317014,-1.24810980574619,967,8597,96.7,859.7,10,1,9111.9,wwwwwwwwwwwwwwwwwwwwwwwwwwwwwwwwwwwwwwwwwwwwwwwwwwc,-1,-1,1,-1
111,-1,58.404030303030304,2.451275428571429,10,1,5448.0,73.34410339256866,-1.253196930946292,792,7038,79.2,703.8,10,1,7428.0,wwwwwwwwwwwwwwwwwwwwwwwwwwwwwwwwwwwwwwwwwwwwwwwwwwc,-1,-1,1,-1
112,-1,52.72080998914224,2.525499999999999,10,1,6337.6,73.35100288191109,-1.2743297833272131,921,8169,92.1,816.9,10,1,8640.1,wwwwwwwwwwwwwwwwwwwwwwwwwwwwwwwwwwwwwwwwwwwwwwwwwwc,-1,-1,1,-1
113,-1,62.832070694087406,2.536231292517007,10,1,5337.6,73.29250542388708,-1.291727140783744,778,6890,77.8,689.0,10,1,7282.6,wwwwwwwwwwwwwwwwwwwwwwwwwwwwwwwwwwwwwwwwwwwwwwwwwwc,-1,-1,1,-1
114,-1,41.666230638297876,2.523768750000002,10,1,8166.4,73.54533091976693,-1.180892568274811,1175,10509,117.5,1050.9,10,1,11103.9,wwwwwwwwwwwwwwwwwwwwwwwwwwwwwwwwwwwwwwwwwwwwwwwwwwc,-1,-1,1,-1
115,-1,47.37262296650718,2.51291363636364,10,1,7100.0,73.1016731016731,-1.380962753212807,1045,9182,104.5,918.2,10,1,9712.5,wwwwwwwwwwwwwwwwwwwwwwwwwwwwwwwwwwwwwwwwwwwwwwwwwwc,-1,-1,1,-1
116,-1,46.53004545454545,2.4986070754717,10,1,6887.2,73.13426496198446,-1.372064276885043,1012,8899,101.2,889.9,10,1,9417.2,wwwwwwwwwwwwwwwwwwwwwwwwwwwwwwwwwwwwwwwwwwwwwwwwwwc,-1,-1,1,-1
117,-1,53.01252142110763,2.5108351351351352,10,1,6662.4,73.57784183149455,-1.146051712089447,957,8586,95.7,858.6,10,1,9054.9,wwwwwwwwwwwwwwwwwwwwwwwwwwwwwwwwwwwwwwwwwwwwwwwwwwc,-1,-1,1,-1
118,-1,54.98764003944773,2.481793693693697,10,1,6956.0,73.29048572331682,-1.287988422575977,1014,8983,101.4,898.3,10,1,9491.0,wwwwwwwwwwwwwwwwwwwwwwwwwwwwwwwwwwwwwwwwwwwwwwwwwwc,-1,-1,1,-1
119,-1,41.900177716390424,2.519060569105692,10,1,7568.8,73.5992531943445,-1.130470431485087,1086,9757,108.6,975.7,10,1,10283.8,wwwwwwwwwwwwwwwwwwwwwwwwwwwwwwwwwwwwwwwwwwwwwwwwwwc,-1,-1,1,-1
120,1,350.37775862068963,2.486406666666666,50,1,5800.0,94.11764705882352,0.036560595802301005,145,7385,14.5,738.5,10,-1,6162.5,wwwwwwwwwwwwwwwwwwwwwwwwwwwwwwwwwwwwwwwwwwwwwwwwwwc,1,-1,-1,-1
121,1,593.869864,2.4879599999999993,50,1,5000.0,94.11764705882352,0.044430538172715,125,6392,12.5,639.2,10,-1,5312.5,wwwwwwwwwwwwwwwwwwwwwwwwwwwwwwwwwwwwwwwwwwwwwwwwwwc,1,-1,-1,-1
122,1,329.1351886792453,2.492183870967741,50,1,6360.0,94.11764705882352,0.033395176252318005,159,8085,15.9,808.5,10,-1,6757.5,wwwwwwwwwwwwwwwwwwwwwwwwwwwwwwwwwwwwwwwwwwwwwwwwwwc,1,-1,-1,-1
123,1,296.41930113636363,2.489209999999999,50,1,7040.0,94.11764705882352,0.02202742189256,176,8898,17.6,889.8,10,-1,7480.0,wwwwwwwwwwwwwwwwwwwwwwwwwwwwwwwwwwwwwwwwwwwwwwwwwwc,1,-1,-1,-1
124,1,317.03337575757575,2.489194285714284,50,1,6600.0,94.11764705882352,0.030321117345111004,165,8377,16.5,837.7,10,-1,7012.5,wwwwwwwwwwwwwwwwwwwwwwwwwwwwwwwwwwwwwwwwwwwwwwwwwwc,1,-1,-1,-1
125,1,287.2484529411765,2.486110526315788,50,1,6800.0,94.11764705882352,0.014946286781877002,170,8564,17.0,856.4,10,-1,7225.0,wwwwwwwwwwwwwwwwwwwwwwwwwwwwwwwwwwwwwwwwwwwwwwwwwwc,1,-1,-1,-1
126,1,251.48391826923077,2.488752380952379,50,1,8320.0,94.11764705882352,0.018292682926829,208,10496,20.8,1049.6,10,-1,8840.0,wwwwwwwwwwwwwwwwwwwwwwwwwwwwwwwwwwwwwwwwwwwwwwwwwwc,1,-1,-1,-1
127,1,300.60892485549135,2.488159999999999,50,1,6920.0,94.11764705882352,0.033196907685311,173,8796,17.3,879.6,10,-1,7352.5,wwwwwwwwwwwwwwwwwwwwwwwwwwwwwwwwwwwwwwwwwwwwwwwwwwc,1,-1,-1,-1
128,1,297.9405363128492,2.491491176470587,50,1,7160.0,94.11764705882352,0.010890098899877,179,8999,17.9,899.9,10,-1,7607.5,wwwwwwwwwwwwwwwwwwwwwwwwwwwwwwwwwwwwwwwwwwwwwwwwwwc,1,-1,-1,-1
129,1,288.33496703296703,2.489431578947366,50,1,7280.0,94.11764705882352,0.022813688212927,182,9205,18.2,920.5,10,-1,7735.0,wwwwwwwwwwwwwwwwwwwwwwwwwwwwwwwwwwwwwwwwwwwwwwwwwwc,1,-1,-1,-1
130,1,262.69909375,2.486546341463413,50,1,7680.0,94.11764705882352,0.026315789473684,192,9728,19.2,972.8,10,-1,8160.0,wwwwwwwwwwwwwwwwwwwwwwwwwwwwwwwwwwwwwwwwwwwwwwwwwwc,1,-1,-1,-1
131,1,431.804184,2.486370833333333,50,1,5000.0,94.11764705882352,0.027769012306721002,125,6338,12.5,633.8,10,-1,5312.5,wwwwwwwwwwwwwwwwwwwwwwwwwwwwwwwwwwwwwwwwwwwwwwwwwwc,1,-1,-1,-1
132,1,314.4159633507853,2.488570454545453,50,1,7640.0,94.11764705882352,0.021340515901792003,191,9653,19.1,965.3,10,-1,8117.5,wwwwwwwwwwwwwwwwwwwwwwwwwwwwwwwwwwwwwwwwwwwwwwwwwwc,1,-1,-1,-1
133,1,271.87531891891894,2.490125581395347,50,1,7400.0,94.11764705882352,0.022236476373743003,185,9354,18.5,935.4,10,-1,7862.5,wwwwwwwwwwwwwwwwwwwwwwwwwwwwwwwwwwwwwwwwwwwwwwwwwwc,1,-1,-1,-1
134,1,235.44465753424657,2.4854346938775502,50,1,8760.0,94.11764705882352,0.016304347826087,219,11040,21.9,1104.0,10,-1,9307.5,wwwwwwwwwwwwwwwwwwwwwwwwwwwwwwwwwwwwwwwwwwwwwwwwwwc,1,-1,-1,-1
135,1,233.64872522522523,2.489115686274508,50,1,8880.0,94.11764705882352,0.0205082478823,222,11215,22.2,1121.5,10,-1,9435.0,wwwwwwwwwwwwwwwwwwwwwwwwwwwwwwwwwwwwwwwwwwwwwwwwwwc,1,-1,-1,-1
136,1,275.2788823529412,2.48650476190476,50,1,7480.0,94.11764705882352,0.012752391073326002,187,9410,18.7,941.0,10,-1,7947.5,wwwwwwwwwwwwwwwwwwwwwwwwwwwwwwwwwwwwwwwwwwwwwwwwwwc,1,-1,-1,-1
137,1,446.1781186440678,2.485042857142856,50,1,4720.0,94.11764705882352,0.036605657237936004,118,6010,11.8,601.0,10,-1,5015.0,wwwwwwwwwwwwwwwwwwwwwwwwwwwwwwwwwwwwwwwwwwwwwwwwwwc,1,-1,-1,-1
138,1,257.0584679802956,2.490002173913042,50,1,8120.0,94.11764705882352,0.022984028048305002,203,10268,20.3,1026.8,10,-1,8627.5,wwwwwwwwwwwwwwwwwwwwwwwwwwwwwwwwwwwwwwwwwwwwwwwwwwc,1,-1,-1,-1
139,1,358.8425608695652,2.4879698113207542,50,1,9200.0,94.11764705882352,0.017241379310344,230,11600,23.0,1160.0,10,-1,9775.0,wwwwwwwwwwwwwwwwwwwwwwwwwwwwwwwwwwwwwwwwwwwwwwwwwwc,1,-1,-1,-1
140,1,299.1503294797688,2.512281481481482,50,1,4274.4,90.81136204295821,-1.055457435535146,173,5662,17.3,566.2,10,1,4706.9,wwwwwwwwwwwwwwwwwwwwwwwwwwwwwwwwwwwwwwwwwwwwwwwwwwc,1,1,1,1
141,1,192.46006484641637,2.497311475409835,50,1,7220.8,90.78998654646499,-1.099217262534376,293,9454,29.3,945.4,10,1,7953.3,wwwwwwwwwwwwwwwwwwwwwwwwwwwwwwwwwwwwwwwwwwwwwwwwwwc,1,1,1,1
142,1,251.05299507389162,2.502877142857142,50,1,5048.8,90.86622392599392,-1.0715690724769251,203,6609,20.3,660.9,10,1,5556.3,wwwwwwwwwwwwwwwwwwwwwwwwwwwwwwwwwwwwwwwwwwwwwwwwwwc,1,1,1,1
143,1,157.0327639751553,2.496509333333334,50,1,8030.4,90.88892410077642,-1.074866310160427,322,10472,32.2,1047.2,10,1,8835.4,wwwwwwwwwwwwwwwwwwwwwwwwwwwwwwwwwwwwwwwwwwwwwwwwwwc,1,1,1,1
144,1,222.36266801619433,2.498711999999999,50,1,6254.4,91.01413000771257,-1.028074046830942,247,8157,24.7,815.7,10,1,6871.9,wwwwwwwwwwwwwwwwwwwwwwwwwwwwwwwwwwwwwwwwwwwwwwwwwwc,1,1,1,1
145,1,169.2359143730887,2.5024459459459463,50,1,7809.6,90.52404631915707,-1.248559507252135,327,10066,32.7,1006.6,10,1,8627.1,wwwwwwwwwwwwwwwwwwwwwwwwwwwwwwwwwwwwwwwwwwwwwwwwwwc,1,1,1,1
146,1,134.5318892215569,2.491659740259741,50,1,8325.6,90.88487653647141,-1.094311654622938,334,10794,33.4,1079.4,10,1,9160.6,wwwwwwwwwwwwwwwwwwwwwwwwwwwwwwwwwwwwwwwwwwwwwwwwwwc,1,1,1,1
147,1,191.26519140625,2.491137931034482,50,1,6376.0,90.87799315849487,-1.071385722855429,256,8335,25.6,833.5,10,1,7016.0,wwwwwwwwwwwwwwwwwwwwwwwwwwwwwwwwwwwwwwwwwwwwwwwwwwc,1,1,1,1
148,1,196.48467586206897,2.456066666666665,50,1,7174.4,90.82208775350027,-1.144995119835159,290,9221,29.0,922.1,10,1,7899.4,wwwwwwwwwwwwwwwwwwwwwwwwwwwwwwwwwwwwwwwwwwwwwwwwwwc,1,1,1,1
149,1,198.44782783882783,2.501607407407406,50,1,6304.0,90.2311600944679,-1.355869698832206,273,8135,27.3,813.5,10,1,6986.5,wwwwwwwwwwwwwwwwwwwwwwwwwwwwwwwwwwwwwwwwwwwwwwwwwwc,1,1,1,1
150,1,242.16828431372548,2.493774358974357,50,1,5072.8,90.86479902557856,-1.074604370761115,204,6635,20.4,663.5,10,1,5582.8,wwwwwwwwwwwwwwwwwwwwwwwwwwwwwwwwwwwwwwwwwwwwwwwwwwc,1,1,1,1
151,1,215.92607327586208,2.504310256410256,50,1,5411.2,90.31913473093871,-1.258884674813878,232,7119,23.2,711.9,10,1,5991.2,wwwwwwwwwwwwwwwwwwwwwwwwwwwwwwwwwwwwwwwwwwwwwwwwwwc,1,1,1,1
152,1,183.76684191176471,2.451785,50,1,6694.4,90.77891082664352,-1.111416151910318,272,8742,27.2,874.2,10,1,7374.4,wwwwwwwwwwwwwwwwwwwwwwwwwwwwwwwwwwwwwwwwwwwwwwwwwwc,1,1,1,1
153,1,237.99273831775702,2.447235714285713,50,1,5364.0,90.93066621461264,-1.061078529537977,214,6991,21.4,699.1,10,1,5899.0,wwwwwwwwwwwwwwwwwwwwwwwwwwwwwwwwwwwwwwwwwwwwwwwwwwc,1,1,1,1
154,1,159.75762091503267,2.4998457142857142,50,1,7400.8,90.6316588699209,-1.162790697674418,306,9675,30.6,967.5,10,1,8165.8,wwwwwwwwwwwwwwwwwwwwwwwwwwwwwwwwwwwwwwwwwwwwwwwwwwc,1,1,1,1
155,1,753.6712213114754,2.067810666666666,50,1,8328.0,90.10061668289516,-1.399275564224017,366,10767,36.6,1076.7,10,1,9243.0,wwwwwwwwwwwwwwwwwwwwwwwwwwwwwwwwwwwwwwwwwwwwwwwwwwc,1,1,1,1
156,1,223.95487632508835,2.497659322033897,50,1,6992.8,90.81204628391102,-1.113996478873239,283,9088,28.3,908.8,10,1,7700.3,wwwwwwwwwwwwwwwwwwwwwwwwwwwwwwwwwwwwwwwwwwwwwwwwwwc,1,1,1,1
157,1,1069.2988229166667,2.055815476190476,50,1,9113.6,90.47013977128336,-1.256721228055296,384,11791,38.4,1179.1,10,1,10073.6,wwwwwwwwwwwwwwwwwwwwwwwwwwwwwwwwwwwwwwwwwwwwwwwwwwc,1,1,1,1
158,1,161.07399682539682,2.465168055555554,50,1,7462.4,90.45442975066365,-1.22679778733866,315,9762,31.5,976.2,10,1,8249.9,wwwwwwwwwwwwwwwwwwwwwwwwwwwwwwwwwwwwwwwwwwwwwwwwwwc,1,1,1,1
159,1,162.62831804281345,2.458514705882352,50,1,7876.8,90.59728787826506,-1.1858924395947,327,10264,32.7,1026.4,10,1,8694.3,wwwwwwwwwwwwwwwwwwwwwwwwwwwwwwwwwwwwwwwwwwwwwwwwwwc,1,1,1,1
